3.1-||3.1 Phillip Lim
6397||6397
A.P.||A.P.C.
Aalt||Aalto
Acne||Acne
Adam||Adam Lippes/Adam Selman
Adea||Adeam
Agan||Aganovich
Agi&||Agi&Sam
Agno||Agnona
Akri||Akris
Albe||Alberta Ferretti
Albi||Albino
Alej||Alejandra Alonns Rojas
Alen||Alena Akhmadullina
Ales||Alessandra Rich
Alex||Alexander McQueen/Alexandre Vauthier/Alexander Wang/Alexis Mabille
Alic||Alice+Olivia
Altu||Altuzarra
alyx||alyx
Andr||Andreas Kronthaler For/Andrew Gn
Ann||Ann Demeulemees ter
Anna||Anna Sui
ANRE||ANREALAGE
Anto||Antonio Marras/Antonio Berardi
Anya||Anya Hindmarch
area||area
Arth||Arthur Arbesser
Ashi||Ashish
Ashl||Ashley Williams
Asse||Assembly
Atle||Atlein
atm ||atm Anthony thomas melillo
atti||attico
Audr||Audra
auj||au jour le jour
Awak||unknown
back||back
Badg||Badgley Mischka
Bale||Balenciaga
Ball||Bally
Balm||Balmain
Barb||Barbara Tfank
beau||beaufille
Bels||Belstaff
Bern||Bernhard Willhelm
Bibh||Bibhu Mohapatra
Blum||Blumarine
Bott||Bottega Veneta
Bran||Brandon Maxwell
BROC||BROCK COLLECTION
Broo||Brooks Brothers
Brun||Brunello Cucinelli
BY.||BY. Bonnie Young
Calv||Calvin Klein/Calvin Klein Collection
CAMI||CAMILLA AND MARC
Caro||Carolina Herrera
Carv||Carven
Case||Casely Hayford
Cent||Central Saint Martins
CG20||CG
Chal||Chalayan
Chan||Chanel
Chlo||Chlo¨¦
Chri||Christian Dior/Christian Wijnants/Christophe Lemaire/Christopher Kane/Christopher Raeburn/Christian Siriano/Christopher Esber
chro||chromat
Cinq||Cinq ¨¤ Sept
Co20||Co
Coac||Coach
colo||colovos
Comm||Comme des Garcons
Cour||Courreges
Crea||Creatures of Comfort/Creatures of the Wind
Cush||Cushnie Et Ochs
Cust||Custo Barcelona
Cynt||Cynthia Rowley
Daks||Daks
Davi||David Koma
Delp||Delpozo
Denn||Dennis Basso
Dere||Derek Lam
Dian||Diane von Furstenberg
Dice||Dice Kayek
Dies||Diesel Black Gold
Dion||Dion Lee
Dolc||Dolce&Gabbana
Dond||Dondup
Drie||Dries Van Noten
Duro||Duro Olowu
Each||Each x Other
Eckh||Eckhaus Latta
Edel||Edeline Lee
Edun||Edun
Elie||Elie Saab
Eliz||Elizabeth and James/Elizabeth Kennedy
Elle||Ellery
Emil||Emilio Pucci/Emilia Wickstead/Emilio de la Morena
Empo||Emporio Armani
Erde||Erdem
eric||eric schlosberg
Erik||Erika Cavallini
Erin||Erin Fetherston
Erma||Ermanno Scervino
Esca||Escada
Este||Esteban Cortazar
Etro||Etro
Eudo||Eudon Choi
fait||faith connexion
Fash||Fashion East
Faus||Faustine Steinmetz
Fay||Fay
Fend||Fendi
FENT||FENTY PUMA
For||For Eestless Sleepers
fram||frame denim
Fran||Francesco Scognamiglio
Gabr||Gabriele Colanglo
Gare||Gareth Pugh
Giam||Giamba
Gior||Giorgio Armani
Give||Givenchy
Guy||Guy Laroche
GYPS||GYPSY SPORT
Haid||Haider Ackermann
Hane||Haney
haus||haus alkire
Hell||Hellessy
Herm||Herm¨¨s
Hous||House of Holland
Huis||Huishan Zhang
Icb||Icb
ISA||ISA ARFEN
Isab||Isabel Marant
Isse||Issey Miyake
J. J||J. JS.LEE
J.Cr||J.Crew
J.Me||J.Mendel
Jacq||Jacquemus
Jaso||Jason Wu
Jeff||Jeffrey Dodd
Jenn||Jenny Packham
Jere||Jeremy Scott
Jil||Jil Sander Navy/Jil Sander
Jill||Jill Stuart
JIO||JI OH
Joha||Johanna Ortiz
John||John Galliano
Joie||Joie
Jona||Jonathan
Jose||Joseph
Josi||Josie Natori
Jour||Jourden
Juan||Juan Carlos Obando
Juli||Julien David
Juny||Junya Watanabe
kany||kanye west adidas originals
Kate||Kate Spade
Kati||Katie Gallagher
Kend||Kendall+Kylie
Kenz||Kenzo
Khai||Khaite
kito||kiton
kitx||kitx
kls||kls kimora lee simmons
Koch||Koche
Kolo||Kolor
Kriz||Krizia
La P||La Perla
LaP||La Perla
LACO||LACOSTE
Lanv||Lanvin
LeK||Le Kilt
Lela||Lela Rose
Leon||Leonard
Les||Les Copains
Libe||Libertine
Lind||Linder
Lisa||Lisa Perry
Loew||Loewe
Long||Longchamp
Loui||Louis Vuitton
Luci||Lucio Vanotti
Luis||Luisa Beccaria
LUTZ||LUTZ HUELLE
M.M||M. Martin
M.P||M. Patmos
Magg||Maggie Marilyn
Mais||Maison Margiela/Maison Rabih Kayrous
Maki||Maki Oh
Mani||Manish Arora
Mara||Mara Hoffman
Marc||Marc Jacobs/Marchesa
Marg||Margaret Howell
Mari||Marissa Webb
Mark||Markus Lupfer
Marn||Marni
Marq||Marques' Almeida
Mart||Martin Grant/Marta Jakubowski
mary||maryam nassir zadeh
Mary||Mary Katrantzou
MASH||MASHAMA
Mati||Maticevski
matt||matthew adams dolan
Max ||Max Mara/Max Mara Atelier
Meli||Melitta Baumeister
Mich||Michael Kors
Mill||Milly
Mira||Mira Mikati
Miss||Missoni
Miu ||Miu Miu
MM62||MM6
Moll||Molly Goddard
Monc||Moncler Grenoble
Moni||Monique Lhuillier
Mons||Monse
Mosc||Moschino
MSGM||MSGM
Mugl||Mugler
Mulb||Mulberry
Naee||Naeem Khan
Nane||Nanette Lepore
Narc||Narciso Rodriguez
Nata||Natasha Zinko
Nehe||Nehera
Neil||Neil Barrett
Nell||Nellie Partow
Nich||Nicholas K
Nico||Nicole Miller/nicopanda
Nili||Nili Lotan
Nina||Nina Ricci
NO.2||NO.21
Noir||Noir Kei Ninomiya
nomi||nomia
Novi||Novis
Oak||Oak
off-||off-white
offi||Officine Generale
Oliv||Olivier Theyskens
Orla||Orla Kiely
Osca||Oscar de La Renta
Osma||Osman
Paco||Paco Rabanne
palm||palmer+harding
Pam ||Pam & Gela
Pame||Pamella Roland
Paul||Paul & Joe/Paul Smith/Paule Ka
Pete||Peter Jensen/Peter Pilotto
ph5||ph5
Phil||Philipp Plein
Phoe||Phoebe English
Piaz||Piazza Sempione
Port||Ports 1961
Prab||Prabal Gurung
Prad||Prada
Pree||Preen
Prin||Pringle of Scotland
Proe||Proenza Schouler
Prot||Protagonist
Publ||Public School
pyer||pyer moss
r13||r13
Rach||Rachel Antonoff/Rachel Comey/Rachel Zoe
Rahu||Rahul Mishra
Raqu||Raquel Allegra
Rebe||Rebecca Minkoff/Rebecca Taylor
Red ||Red Valentino
Rede||Redemption
Reem||Reem Acra
rhie||rhie
Rick||Rick Owens
Robe||Robert Rodriguez
Roch||Rochas
Roda||Rodarte
Roks||Roksanda Ilincic
Rola||Roland Mouret
rose||rosetta getty
Rosi||Rosie Assoulin
Ross||Rossella Jardini
ryan||ryan roche
Saca||Sacai
Sach||Sachin + Babi
Sain||Saint Laurent
Sall||Sally LaPointe
salo||saloni
Salv||Salvatore Ferragamo
samu||samuji
sara||sara battaglia
Sea||Sea
See ||See by Chloe
self||self-portrait
Shar||Sharon Wauchob
Sibl||Sibling
Sid||Sid Neigum
sies||sies marjan
Simo||Simon Miller
Soni||Sonia Rykiel
Spor||Sportmax
Stel||Stella Jean
Suza||Suzanne Rae
Tada||Tadashi Shoji
Talb||Talbot Runhof
TELF||TELFAR
Temp||Temperley London
The||unknown
theo||theory
Thom||Thom Browne
Tibi||Tibi
TOGA||TOGA
Toma||Tomas Maier
Tome||Tome
Tops||Topshop Unique
Tory||Tory Burch
Trac||Tracy Reese
Trin||Trina Turk
Trus||Trussardi
TSE||TSE
Tsum||Tsumori Chisato
ulla||ulla johnson
Unde||Undercover
unra||unravel
Vale||Valentin Yudashkin/Valentino
Vane||Vanessa Bruno/Vanessa Seward
vaqu||vaquera
Veja||Vejas
Vera||Vera Wang
Vero||Veronica Beard
Vers||Versace/Versus
Vete||Vetements
VFil||VFiles
Vict||Victor Alfaro/Victoria Beckham
Vika||Vika Gazinskaya
Vion||Vionnet
Visv||Visvim
vive||vivetta
Vivi||Vivienne Westwood
Wand||Wanda Nylon
warm||warm
Wend||Wendy Nichol
Whis||Whistles
Whit||Whit
Yang||Yang Li
Yeoh||Yeohlee
Yiga||Yigal Azrouel
Yohj||Yohji Yamamoto
Zac ||Zac Posen
Zadi||Zadig & Voltaire
Zero||Zero + Maria Cornejo
Zimm||Zimmermann
Zuha||Zuhair Murad